detail_url,building_name,floor,num_flats,num_blocks,bedroom,bathroom,is_studio,estate_age,posted_days_age,has_view,has_open_view,has_sea_view,has_other_view,is_renovated,is_luxury_renovated,is_single_building,isin_school_network,has_clubhouse,is_appliances_included,is_mall_nearby,has_balcony,saleable_area,rent
https://www.28hse.com/rent/residential/property-1654291,瑧尚,high,294.0,1.0,1.0,1.0,False,0.0,3.0,False,False,False,False,False,False,False,False,False,False,False,True,300.0,14300.0
https://www.28hse.com/rent/residential/property-1653133,瑧尚,low,294.0,1.0,1.0,1.0,False,0.0,4.0,False,False,False,False,False,False,False,False,False,False,False,False,283.0,15500.0
https://www.28hse.com/rent/residential/property-1652444,帝庭豪園,high,300.0,4.0,1.0,1.0,False,22.0,4.0,True,True,False,False,True,True,False,False,False,False,False,False,441.0,18800.0
https://www.28hse.com/rent/residential/property-1651681,傲雲峰,unknown,2208.0,6.0,2.0,1.0,False,17.0,4.0,True,True,False,True,False,False,False,False,False,False,False,False,522.0,18500.0
https://www.28hse.com/rent/residential/property-1651476,單幢樓房,low,300.0,1.0,2.0,1.0,False,17.0,5.0,False,False,False,False,True,True,False,False,False,False,False,False,427.0,9800.0
https://www.28hse.com/rent/residential/property-1650976,駿豪居,high,38.0,1.0,2.0,1.0,False,12.0,5.0,True,True,False,True,False,False,True,False,False,False,False,False,450.0,16800.0
https://www.28hse.com/service-apartment/harbour-plaza-8-degrees-29,8度海逸酒店,unknown,300.0,1.0,0.0,1.0,False,17.0,15.0,False,False,False,False,False,False,False,False,False,False,False,False,280.0,15700.0
https://www.28hse.com/service-apartment/harbour-plaza-8-degrees-29,8度海逸酒店,unknown,300.0,1.0,0.0,1.0,False,17.0,15.0,False,False,False,False,False,False,False,False,False,False,False,False,280.0,15700.0
https://www.28hse.com/service-apartment/harbour-plaza-8-degrees-29,8度海逸酒店,unknown,300.0,1.0,0.0,1.0,False,17.0,15.0,False,False,False,False,False,False,False,False,False,False,False,False,520.0,23100.0
https://www.28hse.com/service-apartment/harbour-plaza-8-degrees-29,8度海逸酒店,unknown,300.0,1.0,0.0,1.0,False,17.0,15.0,False,False,False,False,False,False,False,False,False,False,False,False,520.0,23100.0
https://www.28hse.com/rent/residential/property-1643816,傲雲峰,mid,782.0,5.0,2.0,1.0,False,14.0,10.0,False,False,False,False,False,False,False,False,False,False,False,False,452.0,17300.0
https://www.28hse.com/rent/residential/property-1635913,津匯,low,175.0,1.0,0.0,1.0,True,17.0,15.0,False,False,False,False,True,True,True,False,False,True,False,False,261.0,12300.0
https://www.28hse.com/rent/residential/property-1634972,嘉威閣,mid,20.0,1.0,1.0,1.0,False,29.0,16.0,False,False,False,False,True,False,True,False,False,False,False,False,286.0,12000.0
https://www.28hse.com/rent/residential/property-1561339,傲雲峰,unknown,2208.0,6.0,2.0,1.0,False,17.0,19.0,False,False,False,False,False,False,False,False,False,False,False,False,522.0,18300.0
https://www.28hse.com/rent/residential/property-1626534,偉恆昌新村,mid,2730.0,30.0,2.0,1.0,False,43.0,21.0,False,False,False,False,False,False,False,False,False,False,False,False,409.0,14300.0
https://www.28hse.com/rent/residential/property-1625738,偉恆昌新村,high,2730.0,30.0,2.0,1.0,False,43.0,22.0,False,False,False,False,False,False,False,False,False,False,False,False,372.0,12800.0
https://www.28hse.com/rent/residential/property-1625693,偉恆昌新村,mid,2730.0,30.0,2.0,1.0,False,43.0,22.0,False,False,False,False,False,False,False,False,False,False,False,False,372.0,12500.0
https://www.28hse.com/rent/residential/property-1622796,unknown,mid,300.0,1.0,1.0,1.0,False,17.0,23.0,False,False,False,False,True,True,True,False,False,True,False,False,287.0,9800.0
https://www.28hse.com/rent/residential/property-1576079,單幢樓房,mid,300.0,1.0,0.0,1.0,True,17.0,27.0,False,False,False,False,True,True,True,False,False,False,False,False,100.0,4200.0
https://www.28hse.com/rent/residential/property-1617651,傲雲峰,high,2208.0,6.0,2.0,1.0,False,17.0,27.0,True,True,False,False,True,True,False,False,False,False,False,False,521.0,18500.0
https://www.28hse.com/rent/residential/property-1616397,傲雲峰,high,2208.0,6.0,2.0,1.0,False,17.0,28.0,True,True,True,False,True,True,False,False,False,False,False,False,452.0,17800.0
https://www.28hse.com/rent/residential/property-1517582,津匯,low,175.0,1.0,0.0,1.0,True,4.0,28.0,True,True,False,True,True,False,True,False,False,False,False,False,245.0,11600.0
https://www.28hse.com/rent/residential/property-1613621,翔龍灣,unknown,782.0,5.0,2.0,1.0,False,14.0,29.0,False,False,False,False,False,False,False,False,False,False,False,False,385.0,13800.0
https://www.28hse.com/rent/residential/property-1610864,帝庭豪園,unknown,300.0,1.0,0.0,1.0,False,17.0,15.0,False,False,False,False,False,False,False,False,False,False,False,False,510.0,19000.0
https://www.28hse.com/rent/residential/property-1610063,碧麗花園,unknown,300.0,1.0,0.0,1.0,False,17.0,15.0,False,False,False,False,False,False,False,False,False,False,False,False,476.0,16900.0
https://www.28hse.com/rent/residential/property-1610043,unknown,unknown,300.0,1.0,0.0,1.0,False,17.0,15.0,False,False,False,False,False,False,False,False,False,False,False,False,449.0,15500.0
https://www.28hse.com/rent/residential/property-1608909,傲雲峰,unknown,300.0,1.0,0.0,1.0,False,17.0,15.0,False,False,False,False,False,False,False,False,False,False,False,False,452.0,16800.0
https://www.28hse.com/rent/residential/property-1607709,譚公大廈,mid,176.0,1.0,2.0,1.0,False,35.0,2.0,False,False,False,False,False,False,True,False,False,False,False,False,80.0,4500.0
https://www.28hse.com/rent/residential/property-1652481,翰畋,unknown,92.0,1.0,0.0,1.0,False,2.0,4.0,False,False,False,False,False,False,False,False,False,False,False,False,268.0,12000.0
https://www.28hse.com/rent/residential/property-1628211,嘉寶大廈,low,58.0,1.0,1.0,1.0,False,36.0,20.0,False,False,False,False,True,True,False,False,False,False,False,False,260.0,9500.0
https://www.28hse.com/rent/residential/property-1627443,unknown,low,300.0,1.0,0.0,1.0,True,17.0,21.0,False,False,False,False,False,False,False,False,False,False,False,False,250.0,6500.0
https://www.28hse.com/rent/residential/property-1655814,瑧尚,unknown,294.0,1.0,0.0,1.0,False,0.0,2.0,False,False,False,False,True,True,False,False,False,False,False,False,303.0,15500.0
https://www.28hse.com/rent/residential/property-1655802,喜點,high,168.0,1.0,1.0,1.0,False,5.0,2.0,True,True,False,False,True,True,True,True,True,False,True,False,357.0,16000.0
https://www.28hse.com/rent/residential/property-1655752,港圖灣,unknown,175.0,1.0,3.0,1.0,False,17.0,2.0,True,False,True,False,True,True,False,False,False,False,False,False,603.0,24000.0
https://www.28hse.com/rent/residential/property-1655694,金都豪苑,high,288.0,1.0,3.0,1.0,False,20.0,2.0,True,True,False,True,False,False,True,False,False,False,False,False,524.0,23000.0
https://www.28hse.com/rent/residential/property-1655663,瑧尚,mid,294.0,1.0,1.0,1.0,False,1.0,2.0,True,True,True,False,False,False,True,True,True,True,False,True,319.0,15800.0
https://www.28hse.com/rent/residential/property-1655650,新城中心,high,280.0,5.0,2.0,1.0,False,34.0,2.0,False,False,False,False,True,True,False,False,False,False,False,False,290.0,11000.0
https://www.28hse.com/rent/residential/property-1650879,唐樓,high,300.0,1.0,2.0,1.0,False,17.0,5.0,False,False,False,False,True,True,False,False,False,False,False,False,480.0,9500.0
https://www.28hse.com/rent/residential/property-1635499,迎豐,unknown,300.0,1.0,0.0,1.0,True,4.0,15.0,False,False,False,False,False,False,False,False,False,False,False,False,185.0,9500.0
https://www.28hse.com/rent/residential/property-1655268,喜點,mid,168.0,1.0,1.0,1.0,False,5.0,2.0,True,True,False,True,False,False,True,False,False,True,False,False,357.0,15000.0
https://www.28hse.com/rent/residential/property-1655465,喜築,unknown,209.0,1.0,1.0,1.0,False,2.0,2.0,False,False,False,False,False,False,True,False,False,False,False,False,333.0,13500.0
https://www.28hse.com/rent/residential/property-1655437,翔龍灣,mid,782.0,5.0,2.0,1.0,False,14.0,2.0,True,False,False,True,True,False,False,False,False,True,False,False,372.0,14800.0
https://www.28hse.com/rent/residential/property-1649533,欣榮花園,unknown,900.0,7.0,3.0,2.0,False,23.0,6.0,False,False,False,False,True,True,False,True,False,False,True,False,731.0,24000.0
https://www.28hse.com/rent/residential/property-1654854,喜點,mid,168.0,1.0,0.0,1.0,True,5.0,3.0,True,True,False,False,False,False,True,False,True,False,False,True,255.0,12000.0
https://www.28hse.com/rent/residential/property-1652561,瑧尚,mid,294.0,1.0,1.0,1.0,False,0.0,4.0,False,False,False,False,True,True,False,False,False,False,False,False,319.0,14500.0
https://www.28hse.com/rent/residential/property-1652909,偉恆昌新村,low,2730.0,30.0,2.0,1.0,False,43.0,4.0,False,False,False,False,True,True,False,False,False,False,False,False,374.0,12500.0
https://www.28hse.com/rent/residential/property-1654821,翔龍灣,mid,782.0,5.0,3.0,1.0,False,14.0,3.0,True,True,True,False,False,False,False,False,False,False,False,False,522.0,19200.0
https://www.28hse.com/rent/residential/property-1624364,安和園,mid,300.0,1.0,0.0,1.0,True,47.0,23.0,False,False,False,False,True,True,False,False,False,False,False,False,248.0,8600.0
https://www.28hse.com/rent/residential/property-1545588,單幢樓房,high,300.0,1.0,0.0,1.0,True,17.0,3.0,False,False,False,False,False,False,False,False,False,False,False,False,128.0,5200.0
https://www.28hse.com/rent/residential/property-1584503,福安大廈,low,176.0,2.0,2.0,1.0,False,45.0,3.0,False,False,False,False,True,False,False,False,False,False,False,False,319.0,10600.0
https://www.28hse.com/rent/residential/property-1653779,偉恆昌新村,high,2730.0,30.0,2.0,1.0,False,43.0,3.0,True,True,False,False,True,False,False,False,False,False,False,False,372.0,11500.0
https://www.28hse.com/rent/residential/property-1653602,安寧大廈,unknown,62.0,1.0,2.0,1.0,False,40.0,3.0,False,False,False,False,True,True,False,True,False,False,True,False,249.0,9800.0
https://www.28hse.com/rent/residential/property-1610482,VIVA,unknown,300.0,1.0,0.0,1.0,False,17.0,15.0,False,False,False,False,False,False,False,False,False,False,False,False,331.0,13800.0
https://www.28hse.com/rent/residential/property-1649489,新城中心,unknown,280.0,5.0,2.0,1.0,False,34.0,6.0,False,False,False,False,False,False,False,True,False,False,True,False,290.0,11000.0
https://www.28hse.com/rent/residential/property-1653554,福安閣,unknown,33.0,1.0,0.0,1.0,False,42.0,3.0,False,False,False,False,False,False,True,False,False,False,False,False,480.0,11800.0
https://www.28hse.com/rent/residential/property-1653485,unknown,mid,300.0,1.0,1.0,1.0,False,17.0,3.0,False,False,False,False,False,False,True,False,False,False,False,False,282.0,13500.0
https://www.28hse.com/rent/residential/property-1639356,喜點,unknown,168.0,1.0,0.0,1.0,False,5.0,12.0,False,False,False,False,False,False,False,False,False,False,False,False,255.0,12500.0
https://www.28hse.com/rent/residential/property-1653264,唐樓,mid,300.0,1.0,0.0,1.0,False,17.0,3.0,False,False,False,False,False,False,False,False,False,False,False,False,100.0,3000.0
https://www.28hse.com/rent/residential/property-1601047,唐樓,mid,300.0,1.0,0.0,1.0,True,17.0,5.0,False,False,False,False,True,True,False,False,False,False,False,False,120.0,5600.0
https://www.28hse.com/rent/residential/property-1652647,unknown,unknown,300.0,1.0,0.0,1.0,False,20.0,4.0,False,False,False,False,False,False,False,False,False,False,False,False,524.0,23000.0
https://www.28hse.com/rent/residential/property-1619607,unknown,mid,300.0,1.0,1.0,1.0,False,40.0,25.0,False,False,False,False,False,False,False,False,False,False,False,False,160.0,3600.0
https://www.28hse.com/rent/residential/property-1652632,嘉景花園,unknown,512.0,4.0,3.0,1.0,False,28.0,4.0,False,False,False,False,False,False,False,False,False,False,False,False,448.0,15900.0
https://www.28hse.com/rent/residential/property-1652562,喜點,unknown,168.0,1.0,0.0,1.0,False,5.0,4.0,False,False,False,False,True,True,False,False,False,True,False,False,250.0,13000.0
https://www.28hse.com/rent/residential/property-1634442,偉恆昌新村,high,2730.0,30.0,2.0,1.0,False,43.0,16.0,False,False,False,False,False,False,False,False,False,False,False,False,372.0,12800.0
https://www.28hse.com/rent/residential/property-1652468,嘉景花園,mid,512.0,4.0,3.0,1.0,False,28.0,4.0,False,False,False,False,False,False,False,True,False,False,False,False,448.0,15800.0
https://www.28hse.com/rent/residential/property-1611400,新城中心,unknown,300.0,1.0,0.0,1.0,False,17.0,15.0,False,False,False,False,False,False,False,False,False,False,False,False,290.0,11000.0
https://www.28hse.com/rent/residential/property-1652420,翔龍灣,unknown,782.0,5.0,1.0,1.0,False,13.0,4.0,True,False,True,False,False,False,False,False,False,False,False,False,427.0,16300.0
https://www.28hse.com/rent/residential/property-1652386,喜點,unknown,300.0,1.0,1.0,1.0,False,4.0,4.0,True,True,False,True,False,False,True,False,False,False,False,False,348.0,15300.0
https://www.28hse.com/rent/residential/property-1631072,Downtown 38,unknown,228.0,1.0,1.0,1.0,False,1.0,18.0,True,True,True,False,False,False,True,False,False,False,False,False,300.0,15800.0
https://www.28hse.com/rent/residential/property-1633600,喜點,unknown,168.0,1.0,0.0,1.0,True,4.0,16.0,True,True,False,True,False,False,True,False,False,False,False,False,250.0,12300.0
https://www.28hse.com/rent/residential/property-1652186,Downtown 38,mid,228.0,1.0,1.0,1.0,False,1.0,4.0,False,False,False,False,False,False,True,False,False,False,False,False,302.0,14500.0
https://www.28hse.com/rent/residential/property-1651964,美誠大廈,unknown,141.0,1.0,3.0,1.0,False,58.0,4.0,False,False,False,False,False,False,False,True,False,False,True,False,770.0,18500.0
https://www.28hse.com/rent/residential/property-1651936,翔龍灣,low,300.0,1.0,1.0,1.0,False,17.0,4.0,False,False,False,False,False,False,False,False,False,False,False,False,427.0,16900.0
https://www.28hse.com/rent/residential/property-1635240,翔龍灣,unknown,782.0,5.0,3.0,1.0,False,13.0,15.0,False,False,False,False,False,False,False,False,False,False,False,False,361.0,14100.0
https://www.28hse.com/rent/residential/property-1647752,Downtown 38,high,228.0,1.0,1.0,1.0,False,1.0,7.0,True,True,True,False,False,False,True,True,True,False,True,True,300.0,15800.0
https://www.28hse.com/rent/residential/property-1651415,碧麗花園,mid,432.0,2.0,3.0,2.0,False,25.0,5.0,True,False,True,False,False,False,False,True,False,False,False,False,476.0,16800.0
https://www.28hse.com/rent/residential/property-1651409,陽光廣場,mid,300.0,1.0,2.0,1.0,False,30.0,5.0,True,True,False,False,False,False,False,False,False,True,False,False,384.0,14500.0
https://www.28hse.com/rent/residential/property-1651372,福安閣,low,33.0,1.0,2.0,1.0,False,42.0,5.0,True,True,False,True,True,True,False,False,False,False,False,False,500.0,12000.0
https://www.28hse.com/rent/residential/property-1651355,迎豐,low,300.0,1.0,1.0,1.0,False,4.0,5.0,False,False,False,False,False,False,False,False,False,False,False,False,239.0,12500.0
https://www.28hse.com/rent/residential/property-1651197,嘉景花園,unknown,512.0,4.0,3.0,1.0,False,28.0,5.0,False,False,False,False,False,False,False,False,False,False,False,False,449.0,16300.0
https://www.28hse.com/rent/residential/property-1651171,傲雲峰,high,2208.0,6.0,2.0,1.0,False,17.0,5.0,True,True,True,False,True,True,False,False,False,False,False,False,539.0,18500.0
https://www.28hse.com/rent/residential/property-1651149,傲雲峰,high,2208.0,6.0,2.0,1.0,False,17.0,5.0,True,True,True,False,True,True,False,False,False,True,False,False,452.0,17800.0
https://www.28hse.com/rent/residential/property-1650839,瑧尚,low,294.0,1.0,1.0,1.0,False,0.0,5.0,False,False,False,False,False,False,False,False,False,False,False,False,303.0,15500.0
https://www.28hse.com/rent/residential/property-1650793,新城中心,unknown,280.0,5.0,2.0,1.0,False,34.0,5.0,False,False,False,False,True,True,False,False,False,True,False,False,290.0,11000.0
https://www.28hse.com/rent/residential/property-1650655,嘉景花園,unknown,512.0,4.0,3.0,1.0,False,27.0,5.0,False,False,False,False,True,True,False,False,False,False,False,False,448.0,15500.0
https://www.28hse.com/rent/residential/property-1649782,傲雲峰,low,2208.0,6.0,3.0,2.0,False,17.0,5.0,False,False,False,False,False,False,False,False,False,False,False,False,663.0,26500.0
https://www.28hse.com/rent/residential/property-1650086,傲雲峰,low,2208.0,6.0,3.0,2.0,False,17.0,5.0,False,False,False,False,True,False,False,False,False,True,False,False,663.0,26500.0
https://www.28hse.com/rent/residential/property-1645554,傲雲峰,unknown,2208.0,6.0,3.0,1.0,False,17.0,9.0,True,True,False,False,True,True,False,False,False,False,False,False,452.0,17000.0
https://www.28hse.com/rent/residential/property-1528174,嘉景花園,high,512.0,4.0,2.0,1.0,False,27.0,5.0,False,False,False,False,True,False,False,False,False,True,False,False,449.0,18800.0
https://www.28hse.com/rent/residential/property-1650012,翰畋,high,92.0,1.0,1.0,1.0,False,2.0,6.0,True,False,True,False,False,False,True,False,False,False,False,True,268.0,13800.0
https://www.28hse.com/rent/residential/property-1636880,迎豐,unknown,300.0,1.0,0.0,1.0,True,2.0,15.0,True,True,False,False,False,False,True,False,True,False,False,True,191.0,10000.0
https://www.28hse.com/rent/residential/property-1649931,迎豐,high,300.0,1.0,0.0,1.0,True,4.0,6.0,False,False,False,False,False,False,False,False,False,False,False,False,185.0,10000.0
https://www.28hse.com/rent/residential/property-1649837,唐樓,mid,300.0,1.0,0.0,1.0,True,60.0,6.0,False,False,False,False,False,False,False,False,False,False,False,False,120.0,4300.0
https://www.28hse.com/rent/residential/property-1649820,unknown,low,300.0,1.0,0.0,1.0,False,57.0,6.0,False,False,False,False,True,True,False,False,False,True,False,False,197.0,5900.0
https://www.28hse.com/rent/residential/property-1649819,瑧尚,unknown,294.0,1.0,1.0,1.0,False,0.0,6.0,True,True,False,False,True,True,True,False,False,False,False,False,319.0,15500.0
https://www.28hse.com/rent/residential/property-1649796,翰畋,high,92.0,1.0,1.0,1.0,False,2.0,6.0,True,False,True,True,False,False,False,False,True,False,False,True,268.0,13500.0
https://www.28hse.com/rent/residential/property-1627377,順昌大廈,high,26.0,1.0,2.0,1.0,False,32.0,21.0,True,True,False,True,False,False,False,False,False,False,False,False,281.0,11800.0
https://www.28hse.com/rent/residential/property-1649411,偉恆昌新村,low,2730.0,30.0,0.0,1.0,True,43.0,6.0,False,False,False,False,False,False,False,False,False,False,False,False,150.0,7000.0
https://www.28hse.com/rent/residential/property-1644453,帝庭豪園,high,300.0,4.0,2.0,1.0,False,23.0,9.0,True,True,False,False,True,True,True,True,True,False,True,False,469.0,19800.0
https://www.28hse.com/rent/residential/property-1565007,利港灣18,high,84.0,1.0,1.0,1.0,False,6.0,6.0,True,True,True,False,True,True,True,True,True,True,False,False,321.0,14000.0
https://www.28hse.com/rent/residential/property-1644943,天虹樓,high,66.0,1.0,2.0,1.0,False,45.0,9.0,True,True,False,True,False,False,True,False,False,False,False,False,315.0,10800.0
https://www.28hse.com/rent/residential/property-1648976,傲雲峰,unknown,2208.0,6.0,2.0,1.0,False,17.0,6.0,True,False,False,True,False,False,False,False,False,False,False,False,522.0,18500.0
https://www.28hse.com/rent/residential/property-1648968,傲雲峰,unknown,2208.0,6.0,2.0,1.0,False,17.0,6.0,True,False,False,True,True,False,False,False,False,False,False,False,452.0,16500.0
https://www.28hse.com/rent/residential/property-1648965,傲雲峰,unknown,2208.0,6.0,3.0,2.0,False,17.0,6.0,True,False,False,True,True,False,False,False,False,False,False,False,664.0,26000.0
https://www.28hse.com/rent/residential/property-1625363,寶馬閣,low,48.0,1.0,1.0,1.0,False,34.0,22.0,False,False,False,False,False,False,True,False,False,False,False,False,305.0,11800.0
https://www.28hse.com/rent/residential/property-1600897,unknown,low,300.0,1.0,0.0,1.0,True,17.0,7.0,True,True,False,True,True,True,False,False,False,False,False,False,105.0,4500.0
https://www.28hse.com/rent/residential/property-1630038,迎豐,unknown,300.0,1.0,0.0,1.0,True,4.0,19.0,True,False,True,False,True,True,False,False,True,False,False,True,196.0,10000.0
https://www.28hse.com/rent/residential/property-1648815,津匯,unknown,175.0,1.0,0.0,1.0,True,2.0,7.0,True,True,False,False,False,False,True,False,True,False,False,True,261.0,12000.0
https://www.28hse.com/rent/residential/property-1636881,喜點,mid,168.0,1.0,0.0,1.0,True,5.0,15.0,True,True,False,False,False,False,True,False,True,False,False,True,255.0,12000.0
https://www.28hse.com/rent/residential/property-1634971,迎豐,unknown,300.0,1.0,1.0,1.0,False,2.0,16.0,True,True,False,False,False,False,True,False,True,False,False,True,258.0,12500.0
https://www.28hse.com/rent/residential/property-1636214,unknown,mid,300.0,1.0,2.0,1.0,False,17.0,15.0,False,False,False,False,False,False,True,False,False,False,False,False,278.0,11000.0
https://www.28hse.com/rent/residential/property-1642110,unknown,mid,300.0,1.0,1.0,1.0,False,17.0,11.0,False,False,False,False,False,False,True,False,False,False,False,False,282.0,13500.0
https://www.28hse.com/rent/residential/property-1613791,迎豐,mid,300.0,1.0,0.0,1.0,True,1.0,29.0,False,False,False,False,False,False,True,False,False,False,False,False,196.0,10000.0
https://www.28hse.com/rent/residential/property-1613947,農圃道18號,unknown,320.0,1.0,3.0,2.0,False,13.0,29.0,True,False,True,False,False,False,True,False,False,False,False,False,696.0,29500.0
https://www.28hse.com/rent/residential/property-1618537,同興花園,unknown,112.0,2.0,2.0,2.0,False,25.0,26.0,True,True,False,False,True,False,False,True,False,False,False,False,587.0,20000.0
https://www.28hse.com/rent/residential/property-1624808,傲雲峰,low,2208.0,6.0,2.0,1.0,False,17.0,22.0,True,False,False,True,False,False,False,False,False,False,False,False,452.0,16500.0
https://www.28hse.com/rent/residential/property-1648539,榮輝大廈,high,204.0,2.0,3.0,1.0,False,26.0,7.0,False,False,False,False,False,False,False,False,False,False,False,False,517.0,18000.0
https://www.28hse.com/rent/residential/property-1648445,金都豪苑,high,288.0,1.0,3.0,1.0,False,20.0,7.0,True,True,False,False,True,False,False,False,False,False,False,False,524.0,23000.0
https://www.28hse.com/rent/residential/property-1648369,unknown,mid,300.0,1.0,1.0,1.0,False,17.0,7.0,False,False,False,False,False,False,False,False,False,False,False,False,180.0,4800.0
https://www.28hse.com/rent/residential/property-1648119,新城中心,unknown,280.0,5.0,2.0,1.0,False,33.0,7.0,False,False,False,False,False,False,False,False,False,False,False,False,290.0,11000.0
https://www.28hse.com/rent/residential/property-1149187,美景樓,high,300.0,1.0,2.0,1.0,False,56.0,7.0,False,False,False,False,False,False,True,False,False,False,False,False,356.0,8800.0
https://www.28hse.com/rent/residential/property-1647844,唐樓,unknown,300.0,1.0,1.0,1.0,False,17.0,7.0,False,False,False,False,True,True,False,False,False,False,False,False,160.0,5800.0
https://www.28hse.com/rent/residential/property-1635518,傲雲峰,unknown,2208.0,6.0,0.0,1.0,False,17.0,15.0,False,False,False,False,False,False,False,False,False,False,False,False,452.0,17500.0
https://www.28hse.com/rent/residential/property-1625437,unknown,unknown,300.0,1.0,0.0,1.0,False,17.0,22.0,False,False,False,False,False,False,False,False,False,False,False,False,160.0,6800.0
https://www.28hse.com/rent/residential/property-1632246,迎豐,unknown,300.0,1.0,1.0,1.0,False,4.0,17.0,False,False,False,False,False,False,False,False,False,False,False,False,257.0,12000.0
https://www.28hse.com/rent/residential/property-1530198,單幢樓房,unknown,300.0,1.0,2.0,1.0,False,28.0,22.0,False,False,False,False,False,False,False,False,False,False,False,False,354.0,13500.0
https://www.28hse.com/rent/residential/property-1647559,偉恆昌新村,mid,2730.0,30.0,2.0,1.0,False,43.0,7.0,False,False,False,False,True,True,False,False,False,False,False,False,372.0,12500.0
https://www.28hse.com/rent/residential/property-1646946,迎豐,mid,300.0,1.0,1.0,1.0,False,4.0,7.0,False,False,False,False,True,True,True,False,False,False,False,False,257.0,12600.0
https://www.28hse.com/rent/residential/property-1647471,翔龍灣,high,782.0,5.0,2.0,1.0,False,14.0,8.0,True,True,False,False,True,True,True,True,True,True,True,True,361.0,14500.0
https://www.28hse.com/rent/residential/property-1647450,津匯,unknown,175.0,1.0,0.0,1.0,True,17.0,8.0,True,True,False,False,True,True,False,False,True,False,False,True,245.0,10800.0
https://www.28hse.com/rent/residential/property-1646635,傲雲峰,unknown,2208.0,6.0,0.0,1.0,False,17.0,8.0,False,False,False,False,False,False,False,False,False,False,False,False,478.0,16800.0
https://www.28hse.com/rent/residential/property-1640901,翔龍灣,mid,782.0,5.0,3.0,2.0,False,14.0,11.0,True,True,True,False,True,True,False,True,True,False,True,True,616.0,22800.0
https://www.28hse.com/rent/residential/property-1646571,傲雲峰,mid,2208.0,6.0,2.0,1.0,False,17.0,8.0,False,False,False,False,False,False,False,False,False,False,False,False,452.0,17300.0
https://www.28hse.com/rent/residential/property-1643063,津匯,unknown,175.0,1.0,0.0,1.0,True,17.0,10.0,True,True,False,False,False,False,True,True,True,False,True,True,261.0,12300.0
https://www.28hse.com/rent/residential/property-1646684,傲雲峰,mid,2208.0,6.0,2.0,1.0,False,17.0,8.0,False,False,False,False,False,False,False,False,False,False,False,False,539.0,18500.0
https://www.28hse.com/rent/residential/property-1646486,unknown,mid,300.0,1.0,1.0,1.0,False,17.0,8.0,False,False,False,False,False,False,False,False,False,False,False,False,160.0,6200.0
https://www.28hse.com/rent/residential/property-1592883,翔龍灣,unknown,782.0,5.0,3.0,2.0,False,13.0,8.0,True,False,True,True,False,False,False,False,False,False,False,False,616.0,21800.0
https://www.28hse.com/rent/residential/property-1585657,喜點,unknown,168.0,1.0,0.0,1.0,True,5.0,8.0,False,False,False,False,False,False,True,False,False,False,False,False,273.0,12500.0
https://www.28hse.com/rent/residential/property-1595994,傲雲峰,high,2208.0,6.0,2.0,1.0,False,17.0,8.0,False,False,False,False,False,False,False,False,False,False,False,False,452.0,18000.0
https://www.28hse.com/rent/residential/property-1598017,安寧大廈,mid,62.0,1.0,2.0,1.0,False,40.0,8.0,False,False,False,False,False,False,True,False,False,False,False,False,260.0,10500.0
https://www.28hse.com/rent/residential/property-1646042,傲雲峰,unknown,294.0,1.0,1.0,1.0,False,0.0,8.0,True,False,False,True,True,False,False,False,False,False,False,False,452.0,16000.0
https://www.28hse.com/rent/residential/property-1642272,新城中心,unknown,280.0,5.0,2.0,1.0,False,34.0,10.0,False,False,False,False,False,False,False,True,False,False,True,False,290.0,11000.0
https://www.28hse.com/rent/residential/property-1622864,偉恆昌新村,unknown,2730.0,30.0,2.0,1.0,False,43.0,23.0,False,False,False,False,False,False,False,False,False,True,False,False,372.0,12800.0
https://www.28hse.com/rent/residential/property-1488764,益豐大廈,low,826.0,5.0,0.0,1.0,True,45.0,9.0,False,False,False,False,False,False,False,False,False,False,False,False,90.0,4800.0
https://www.28hse.com/rent/residential/property-1568762,津匯,mid,175.0,1.0,0.0,1.0,True,17.0,9.0,True,True,False,False,True,True,True,False,True,False,False,True,261.0,12000.0
https://www.28hse.com/rent/residential/property-1645453,瑧尚,mid,294.0,1.0,1.0,1.0,False,1.0,9.0,True,True,True,False,False,False,True,True,True,True,False,True,300.0,15000.0
https://www.28hse.com/rent/residential/property-1645103,unknown,mid,300.0,1.0,1.0,1.0,False,17.0,9.0,True,False,True,True,False,False,False,False,False,False,False,False,343.0,14250.0
https://www.28hse.com/rent/residential/property-1125091,單幢樓房,high,300.0,1.0,1.0,1.0,False,17.0,29.0,True,True,False,False,False,False,False,False,False,False,False,False,268.0,13800.0
https://www.28hse.com/rent/residential/property-1645059,農圃道18號,high,320.0,1.0,4.0,2.0,False,16.0,9.0,False,False,False,False,False,False,True,False,False,False,False,False,1002.0,37800.0
https://www.28hse.com/rent/residential/property-934443,唐樓,unknown,300.0,1.0,0.0,1.0,True,17.0,24.0,False,False,False,False,False,False,False,False,False,False,False,False,100.0,3500.0
https://www.28hse.com/rent/residential/property-1644967,津匯,unknown,175.0,1.0,0.0,1.0,False,17.0,9.0,False,False,False,False,False,False,True,False,False,False,False,False,261.0,12200.0
https://www.28hse.com/rent/residential/property-1625608,建安大廈,high,110.0,2.0,2.0,1.0,False,48.0,22.0,False,False,False,False,False,False,False,False,False,False,False,False,319.0,10800.0
https://www.28hse.com/rent/residential/property-1644880,匯川大廈,high,300.0,1.0,2.0,1.0,False,17.0,9.0,False,False,False,False,False,False,True,False,False,False,False,False,258.0,9950.0
https://www.28hse.com/rent/residential/property-1111044,定安大廈,mid,880.0,1.0,1.0,1.0,False,47.0,9.0,False,False,False,False,False,False,False,False,False,False,False,False,287.0,9900.0
https://www.28hse.com/rent/residential/property-1644700,安和園,high,300.0,1.0,3.0,1.0,False,47.0,9.0,False,False,False,False,True,False,False,False,False,False,False,False,472.0,12800.0
https://www.28hse.com/rent/residential/property-1583495,欣榮花園,unknown,900.0,7.0,3.0,2.0,False,23.0,9.0,False,False,False,False,True,False,False,False,False,False,False,False,727.0,23800.0
https://www.28hse.com/rent/residential/property-1633292,unknown,mid,300.0,1.0,1.0,1.0,False,17.0,17.0,False,False,False,False,False,False,True,False,False,False,False,False,301.0,15500.0
https://www.28hse.com/rent/residential/property-1641529,翔龍灣,mid,782.0,5.0,2.0,1.0,False,14.0,11.0,True,False,False,True,True,True,False,True,True,False,True,True,360.0,14700.0
https://www.28hse.com/rent/residential/property-1644358,金龍樓,mid,42.0,1.0,2.0,1.0,False,46.0,9.0,True,True,False,False,False,False,True,False,False,False,False,False,367.0,10800.0
https://www.28hse.com/rent/residential/property-1644256,僑榮大廈,unknown,59.0,1.0,1.0,1.0,False,56.0,9.0,False,False,False,False,False,False,True,False,False,False,False,False,228.0,9500.0
https://www.28hse.com/rent/residential/property-1622743,順昌大廈,high,26.0,1.0,2.0,1.0,False,32.0,24.0,True,True,False,False,True,True,True,True,False,False,True,False,281.0,11500.0
https://www.28hse.com/rent/residential/property-1595776,都會151,low,71.0,1.0,2.0,1.0,False,18.0,9.0,False,False,False,False,False,False,True,False,False,False,False,False,436.0,16500.0
https://www.28hse.com/rent/residential/property-1639337,迎豐,high,300.0,1.0,0.0,1.0,True,4.0,12.0,True,True,True,False,False,False,True,True,True,False,True,True,185.0,9500.0
https://www.28hse.com/rent/residential/property-1643967,unknown,unknown,300.0,1.0,0.0,1.0,True,17.0,10.0,False,False,False,False,True,True,False,False,False,False,False,False,160.0,4500.0
https://www.28hse.com/rent/residential/property-1628308,翰畋,high,92.0,1.0,1.0,1.0,False,2.0,20.0,True,True,False,False,False,False,True,False,False,False,False,True,358.0,15000.0
https://www.28hse.com/rent/residential/property-1643737,榮林大廈,unknown,92.0,1.0,2.0,1.0,False,40.0,10.0,False,False,False,False,True,True,True,False,False,True,False,False,281.0,13300.0
https://www.28hse.com/rent/residential/property-1629071,喜點,unknown,168.0,1.0,1.0,1.0,False,5.0,19.0,False,False,False,False,False,False,True,False,False,False,False,False,357.0,16000.0
https://www.28hse.com/rent/residential/property-1585643,洋樓,mid,300.0,1.0,2.0,1.0,False,45.0,19.0,False,False,False,False,False,False,True,False,False,False,False,False,374.0,10500.0
https://www.28hse.com/rent/residential/property-1643303,港圖灣,high,175.0,1.0,3.0,3.0,False,17.0,10.0,True,False,True,False,True,True,False,False,True,True,False,False,874.0,28000.0
https://www.28hse.com/rent/residential/property-1344977,富邦大廈,low,72.0,1.0,1.0,1.0,False,33.0,12.0,True,True,False,False,False,False,True,False,False,False,False,False,249.0,10600.0
https://www.28hse.com/rent/residential/property-1642976,unknown,low,300.0,1.0,1.0,1.0,False,50.0,10.0,False,False,False,False,True,True,False,False,False,True,False,False,130.0,5200.0
https://www.28hse.com/rent/residential/property-1570504,新城中心,high,280.0,5.0,2.0,1.0,False,34.0,11.0,False,False,False,False,False,False,False,False,False,False,False,False,290.0,10000.0
https://www.28hse.com/rent/residential/property-1620225,傲雲峰,low,2208.0,6.0,2.0,1.0,False,17.0,25.0,True,False,False,True,False,False,False,False,False,False,False,False,452.0,16500.0
https://www.28hse.com/rent/residential/property-1636342,喜點,low,168.0,1.0,0.0,1.0,True,5.0,15.0,True,False,False,False,False,False,False,False,False,False,False,False,273.0,11800.0
https://www.28hse.com/rent/residential/property-1635993,迎豐,mid,300.0,1.0,1.0,1.0,False,4.0,15.0,True,False,False,True,False,False,False,False,False,False,False,False,257.0,12280.0
https://www.28hse.com/rent/residential/property-1641889,翔龍灣,unknown,782.0,5.0,3.0,2.0,False,14.0,11.0,True,False,True,False,True,False,False,False,False,False,False,False,815.0,28000.0
https://www.28hse.com/rent/residential/property-1637366,安寧大廈,unknown,62.0,1.0,2.0,1.0,False,40.0,14.0,False,False,False,False,True,True,False,True,False,False,True,False,249.0,9800.0
https://www.28hse.com/rent/residential/property-1641710,美景樓,unknown,300.0,1.0,0.0,1.0,True,17.0,11.0,False,False,False,False,True,True,False,False,False,False,False,False,120.0,4200.0
https://www.28hse.com/rent/residential/property-1641267,傲雲峰,high,2208.0,6.0,2.0,1.0,False,17.0,11.0,False,False,False,False,False,False,False,False,False,False,False,False,452.0,18000.0
https://www.28hse.com/rent/residential/property-1641069,傲雲峰,high,2208.0,6.0,2.0,1.0,False,17.0,11.0,True,True,True,False,False,False,False,False,False,True,False,False,452.0,18000.0
https://www.28hse.com/rent/residential/property-1641033,傲雲峰,low,2208.0,6.0,2.0,1.0,False,17.0,11.0,True,True,False,False,False,False,False,False,False,True,False,False,520.0,17500.0
https://www.28hse.com/rent/residential/property-1641065,金和大廈,low,70.0,1.0,0.0,1.0,False,55.0,11.0,False,False,False,False,False,False,False,False,False,False,False,False,130.0,5900.0
https://www.28hse.com/rent/residential/property-1594479,金都豪苑,high,288.0,1.0,3.0,1.0,False,20.0,11.0,True,True,True,False,True,True,False,True,True,False,False,False,524.0,23000.0
https://www.28hse.com/rent/residential/property-1640755,美景樓,unknown,300.0,1.0,0.0,1.0,False,17.0,11.0,False,False,False,False,False,False,False,False,False,False,False,False,180.0,5900.0
https://www.28hse.com/rent/residential/property-1638417,喜築,high,209.0,1.0,1.0,1.0,False,3.0,13.0,True,True,False,False,True,True,True,True,True,False,True,False,333.0,15000.0
https://www.28hse.com/rent/residential/property-1631976,迎豐,high,300.0,1.0,1.0,1.0,False,2.0,18.0,True,False,True,False,False,False,True,False,True,True,False,True,258.0,12500.0
https://www.28hse.com/rent/residential/property-1626247,喜築,mid,209.0,1.0,1.0,1.0,False,3.0,22.0,False,False,False,False,False,False,True,False,True,False,False,True,333.0,14000.0
https://www.28hse.com/rent/residential/property-1634813,unknown,mid,300.0,1.0,1.0,1.0,False,17.0,16.0,False,False,False,False,False,False,True,False,False,False,False,False,282.0,13500.0
https://www.28hse.com/rent/residential/property-1621971,Downtown 38,high,228.0,1.0,2.0,1.0,False,1.0,24.0,True,True,False,True,False,False,False,True,True,False,False,False,555.0,29800.0
https://www.28hse.com/rent/residential/property-1633298,翰畋,high,92.0,1.0,1.0,1.0,False,2.0,17.0,True,False,True,False,False,False,False,False,False,False,False,False,358.0,14800.0
https://www.28hse.com/rent/residential/property-1640466,都會151,unknown,71.0,1.0,2.0,1.0,False,18.0,12.0,False,False,False,False,False,False,True,False,False,False,False,False,436.0,16000.0
https://www.28hse.com/rent/residential/property-1637301,碧麗花園,unknown,432.0,2.0,3.0,2.0,False,26.0,14.0,False,False,False,False,False,False,False,True,True,False,True,False,476.0,17000.0
https://www.28hse.com/rent/residential/property-1621613,翔龍灣,mid,782.0,5.0,2.0,1.0,False,14.0,24.0,True,False,True,False,False,False,False,False,False,False,False,False,427.0,16500.0
https://www.28hse.com/rent/residential/property-1566490,益豐大廈,high,826.0,5.0,0.0,1.0,False,49.0,12.0,False,False,False,False,False,False,True,False,False,False,False,False,200.0,6600.0
https://www.28hse.com/rent/residential/property-1637158,福安閣,mid,33.0,1.0,2.0,1.0,False,42.0,14.0,True,True,False,True,False,False,True,True,False,False,True,False,300.0,11500.0
https://www.28hse.com/rent/residential/property-1639701,單幢樓房,mid,300.0,1.0,2.0,1.0,False,46.0,12.0,False,False,False,False,False,False,True,True,False,False,False,False,291.0,11300.0
https://www.28hse.com/rent/residential/property-1639304,迎豐,high,300.0,1.0,0.0,1.0,True,4.0,12.0,True,True,True,False,True,True,True,False,False,True,False,False,185.0,9500.0
https://www.28hse.com/rent/residential/property-1639420,傲雲峰,mid,2208.0,6.0,2.0,1.0,False,17.0,12.0,False,False,False,False,False,False,False,False,False,False,False,False,520.0,18000.0
https://www.28hse.com/rent/residential/property-1639301,喜築,low,209.0,1.0,1.0,1.0,False,3.0,12.0,False,False,False,False,False,False,True,False,False,True,False,False,349.0,14000.0
https://www.28hse.com/rent/residential/property-1589236,建安大廈,mid,110.0,2.0,2.0,1.0,False,48.0,12.0,False,False,False,False,False,False,True,False,False,False,False,False,320.0,9900.0
https://www.28hse.com/rent/residential/property-1639490,康寧花園,low,66.0,1.0,2.0,1.0,False,23.0,12.0,False,False,False,False,False,False,False,False,False,False,False,False,244.0,9800.0
https://www.28hse.com/rent/residential/property-1620769,翔龍灣,low,782.0,5.0,3.0,2.0,False,13.0,25.0,True,False,True,False,False,False,False,False,False,False,False,False,616.0,21800.0
https://www.28hse.com/rent/residential/property-1622032,翔龍灣,high,782.0,5.0,3.0,1.0,False,14.0,24.0,True,True,True,False,False,False,False,False,False,False,False,False,552.0,20300.0
https://www.28hse.com/rent/residential/property-1622069,翔龍灣,high,782.0,5.0,2.0,1.0,False,13.0,24.0,False,False,False,False,False,False,False,False,False,False,False,False,384.0,14500.0
https://www.28hse.com/rent/residential/property-1617638,傲雲峰,mid,2208.0,6.0,3.0,2.0,False,17.0,27.0,True,True,True,False,False,False,False,False,False,False,False,False,664.0,25000.0
https://www.28hse.com/rent/residential/property-1620759,翔龍灣,mid,782.0,5.0,2.0,1.0,False,14.0,25.0,True,True,True,False,True,True,False,False,False,False,False,False,427.0,15800.0
https://www.28hse.com/rent/residential/property-1639005,康寧花園,unknown,300.0,1.0,2.0,1.0,False,17.0,13.0,False,False,False,False,True,False,False,False,False,True,False,False,244.0,10800.0
https://www.28hse.com/rent/residential/property-1638891,傲雲峰,high,2208.0,6.0,2.0,1.0,False,17.0,13.0,True,False,True,False,True,True,False,False,False,False,False,False,454.0,17800.0
https://www.28hse.com/rent/residential/property-704626,碧麗花園,high,432.0,2.0,3.0,1.0,False,26.0,13.0,False,False,False,False,False,False,True,False,False,False,False,False,476.0,17800.0
https://www.28hse.com/rent/residential/property-1634032,福安閣,unknown,33.0,1.0,2.0,1.0,False,42.0,16.0,False,False,False,False,True,True,True,False,False,False,False,False,380.0,11800.0
https://www.28hse.com/rent/residential/property-887992,唐樓,unknown,300.0,1.0,1.0,1.0,False,17.0,13.0,False,False,False,False,False,False,False,False,False,True,False,False,140.0,6000.0
https://www.28hse.com/rent/residential/property-1536937,津匯,unknown,175.0,1.0,0.0,1.0,True,17.0,13.0,True,True,False,False,True,True,True,True,True,False,False,True,245.0,11300.0
https://www.28hse.com/rent/residential/property-1638042,翔龍灣,mid,782.0,5.0,2.0,1.0,False,13.0,14.0,False,False,False,False,False,False,False,False,False,False,False,False,427.0,15800.0
https://www.28hse.com/rent/residential/property-1637600,傲雲峰,high,2208.0,6.0,2.0,1.0,False,17.0,14.0,True,True,True,False,False,False,False,False,False,False,False,False,521.0,20000.0
https://www.28hse.com/rent/residential/property-1637462,翔龍灣,high,782.0,5.0,3.0,2.0,False,14.0,14.0,True,True,True,False,True,True,False,False,False,False,False,False,805.0,25000.0
https://www.28hse.com/rent/residential/property-1637457,津匯,mid,175.0,1.0,0.0,1.0,True,17.0,14.0,False,False,False,False,False,False,False,False,False,False,False,False,245.0,12500.0
https://www.28hse.com/rent/residential/property-1637430,unknown,mid,300.0,1.0,2.0,1.0,False,47.0,14.0,False,False,False,False,True,False,False,False,False,False,False,False,322.0,10000.0
https://www.28hse.com/rent/residential/property-1637411,碧麗花園,mid,432.0,2.0,3.0,2.0,False,26.0,14.0,True,True,True,False,True,True,True,True,False,False,False,False,476.0,16800.0
https://www.28hse.com/rent/residential/property-1637331,碧麗花園,mid,432.0,2.0,3.0,2.0,False,26.0,14.0,False,False,False,False,True,True,False,False,False,False,False,False,476.0,17000.0
https://www.28hse.com/rent/residential/property-1625045,翔龍灣,unknown,782.0,5.0,0.0,1.0,False,14.0,22.0,False,False,False,False,False,False,False,False,False,False,False,False,372.0,14800.0
https://www.28hse.com/rent/residential/property-1619576,喜點,unknown,168.0,1.0,1.0,1.0,False,4.0,25.0,True,True,True,False,False,False,True,False,False,False,False,False,320.0,15000.0
https://www.28hse.com/rent/residential/property-1617186,傲雲峰,unknown,2208.0,6.0,2.0,1.0,False,17.0,27.0,True,True,True,False,True,False,False,False,False,False,False,False,452.0,17000.0
https://www.28hse.com/rent/residential/property-1633940,天虹樓,high,66.0,1.0,2.0,1.0,False,45.0,16.0,True,True,False,False,False,False,True,True,False,False,True,False,315.0,11000.0
https://www.28hse.com/rent/residential/property-1636592,迎豐,mid,300.0,1.0,1.0,1.0,False,4.0,15.0,False,False,False,False,False,False,False,False,False,False,False,False,257.0,12800.0
https://www.28hse.com/rent/residential/property-1636618,迎豐,high,300.0,1.0,0.0,1.0,True,4.0,15.0,False,False,False,False,False,False,False,False,False,False,False,False,185.0,9800.0
https://www.28hse.com/rent/residential/property-1625406,傲雲峰,low,2208.0,6.0,2.0,1.0,False,17.0,22.0,True,False,False,True,False,False,False,False,False,False,False,False,452.0,16500.0
https://www.28hse.com/rent/residential/property-1626527,翰畋,unknown,92.0,1.0,1.0,1.0,False,2.0,21.0,False,False,False,False,True,True,False,False,False,False,False,False,356.0,16000.0
https://www.28hse.com/rent/residential/property-1630664,翰畋,unknown,92.0,1.0,0.0,1.0,False,2.0,18.0,False,False,False,False,False,False,False,False,False,False,False,False,358.0,15000.0
https://www.28hse.com/rent/residential/property-1635957,喜點,mid,168.0,1.0,0.0,1.0,True,5.0,15.0,True,True,False,True,True,True,False,True,True,True,True,True,255.0,12000.0
https://www.28hse.com/rent/residential/property-1635915,傲雲峰,low,2208.0,6.0,2.0,1.0,False,17.0,15.0,True,False,False,True,True,True,False,True,True,True,True,True,452.0,16500.0
https://www.28hse.com/rent/residential/property-1632086,傲雲峰,mid,2208.0,6.0,2.0,1.0,False,17.0,17.0,True,False,False,True,False,False,False,False,False,False,False,False,452.0,16500.0
https://www.28hse.com/rent/residential/property-1633154,傲雲峰,high,2208.0,6.0,2.0,1.0,False,17.0,17.0,True,False,True,True,False,False,False,False,False,False,False,False,539.0,18800.0
https://www.28hse.com/rent/residential/property-1635901,傲雲峰,mid,2208.0,6.0,2.0,1.0,False,17.0,15.0,True,True,False,True,True,True,False,True,True,True,True,True,520.0,17500.0
https://www.28hse.com/rent/residential/property-1587265,傲雲峰,unknown,2208.0,6.0,0.0,1.0,False,17.0,15.0,False,False,False,False,False,False,False,False,False,False,False,False,452.0,17580.0
https://www.28hse.com/rent/residential/property-1539072,港圖灣,low,175.0,1.0,3.0,1.0,False,8.0,15.0,False,False,False,False,False,False,False,False,False,False,False,False,874.0,30000.0
https://www.28hse.com/rent/residential/property-1635454,迎豐,mid,300.0,1.0,1.0,1.0,False,4.0,15.0,True,True,False,True,True,True,True,True,True,True,True,True,257.0,12500.0
https://www.28hse.com/rent/residential/property-1631377,傲雲峰,high,2208.0,6.0,2.0,1.0,False,17.0,18.0,True,False,True,True,True,True,False,True,True,False,True,False,479.0,18500.0
https://www.28hse.com/rent/residential/property-1635362,定安大廈,low,300.0,1.0,0.0,1.0,True,17.0,15.0,False,False,False,False,False,False,False,False,False,False,False,False,287.0,9900.0
https://www.28hse.com/rent/residential/property-1475464,傲雲峰,high,2208.0,6.0,0.0,1.0,False,16.0,15.0,False,False,False,False,False,False,False,False,False,False,False,False,452.0,18500.0
https://www.28hse.com/rent/residential/property-1549533,碧麗花園,unknown,432.0,2.0,3.0,2.0,False,26.0,15.0,True,True,True,False,True,True,False,False,True,False,False,False,476.0,16800.0
https://www.28hse.com/rent/residential/property-1550598,榮輝大廈,high,204.0,2.0,2.0,1.0,False,27.0,15.0,True,True,False,False,False,False,False,False,False,False,False,False,316.0,12500.0
https://www.28hse.com/rent/residential/property-1630730,傲雲峰,high,2208.0,6.0,2.0,1.0,False,17.0,18.0,True,False,True,True,True,True,False,True,True,False,True,False,535.0,20000.0
https://www.28hse.com/rent/residential/property-1623775,津匯,unknown,175.0,1.0,0.0,1.0,True,17.0,23.0,False,False,False,False,False,False,True,False,False,False,False,False,260.0,12300.0
https://www.28hse.com/rent/residential/property-1587689,喜點,low,168.0,1.0,0.0,1.0,True,5.0,20.0,False,False,False,False,False,False,True,False,False,False,False,False,259.0,12500.0
https://www.28hse.com/rent/residential/property-1634621,津匯,mid,175.0,1.0,0.0,1.0,True,17.0,16.0,True,True,False,False,False,False,False,False,False,False,False,False,245.0,11000.0
https://www.28hse.com/rent/residential/property-1634113,僑裕大樓,unknown,300.0,1.0,0.0,1.0,True,17.0,16.0,False,False,False,False,True,True,False,False,False,False,False,False,180.0,7800.0
https://www.28hse.com/rent/residential/property-1630124,農圃道18號,high,320.0,1.0,3.0,2.0,False,17.0,19.0,True,False,True,False,True,True,True,True,True,False,True,False,696.0,29800.0
https://www.28hse.com/rent/residential/property-1633610,津匯,mid,175.0,1.0,0.0,1.0,True,3.0,16.0,True,True,False,True,True,True,True,False,False,True,False,False,261.0,13000.0
https://www.28hse.com/rent/residential/property-1628486,喜築,high,209.0,1.0,1.0,1.0,False,3.0,20.0,True,True,False,False,True,True,True,True,True,False,True,False,333.0,15000.0
https://www.28hse.com/rent/residential/property-1628673,唐樓,mid,300.0,1.0,1.0,1.0,False,17.0,20.0,False,False,False,False,False,False,False,False,False,False,False,False,200.0,6900.0
https://www.28hse.com/rent/residential/property-1539691,翔龍灣,unknown,782.0,5.0,2.0,1.0,False,12.0,17.0,False,False,False,False,False,False,False,False,False,False,False,False,385.0,13500.0
https://www.28hse.com/rent/residential/property-1579290,益豐大廈,mid,826.0,5.0,1.0,1.0,False,49.0,17.0,False,False,False,False,False,False,False,False,False,False,False,False,150.0,5200.0
https://www.28hse.com/rent/residential/property-1633033,津匯,unknown,175.0,1.0,2.0,1.0,False,17.0,17.0,True,True,False,False,True,True,False,False,True,False,False,True,510.0,20500.0
https://www.28hse.com/rent/residential/property-1627874,新城中心,unknown,280.0,5.0,2.0,1.0,False,34.0,20.0,False,False,False,False,False,False,False,True,False,False,True,False,290.0,11000.0
https://www.28hse.com/rent/residential/property-1632882,唐樓,unknown,300.0,1.0,1.0,1.0,False,17.0,17.0,True,True,False,False,False,False,False,False,False,False,False,False,160.0,5900.0
https://www.28hse.com/rent/residential/property-1632635,傲雲峰,high,2208.0,6.0,2.0,1.0,False,17.0,17.0,True,False,True,False,False,False,False,False,False,False,False,False,539.0,19500.0
https://www.28hse.com/rent/residential/property-1615710,翰畋,high,92.0,1.0,1.0,1.0,False,2.0,28.0,True,True,True,False,True,True,True,False,False,True,False,False,358.0,15000.0
https://www.28hse.com/rent/residential/property-844850,榮林大廈,unknown,300.0,1.0,0.0,1.0,False,17.0,15.0,False,False,False,False,False,False,False,False,False,False,False,False,270.0,10800.0
https://www.28hse.com/rent/residential/property-1608741,翔龍灣,unknown,300.0,1.0,0.0,1.0,False,17.0,15.0,False,False,False,False,False,False,False,False,False,False,False,False,360.0,14000.0
https://www.28hse.com/rent/residential/property-1608753,翔龍灣,unknown,300.0,1.0,0.0,1.0,False,17.0,15.0,False,False,False,False,False,False,False,False,False,False,False,False,427.0,15800.0
https://www.28hse.com/rent/residential/property-1632247,翔龍灣,high,782.0,5.0,2.0,1.0,False,14.0,17.0,False,False,False,False,False,False,False,False,False,False,False,False,367.0,14000.0
https://www.28hse.com/rent/residential/property-1626683,都會151,unknown,71.0,1.0,2.0,1.0,False,18.0,21.0,False,False,False,False,True,True,True,True,False,False,True,False,437.0,16000.0
https://www.28hse.com/rent/residential/property-1632201,嘉景花園,low,512.0,4.0,3.0,1.0,False,28.0,17.0,True,True,False,False,False,False,False,False,False,False,False,False,456.0,15500.0
https://www.28hse.com/rent/residential/property-1632075,唐樓,mid,300.0,1.0,0.0,1.0,False,17.0,17.0,False,False,False,False,True,True,False,False,False,False,False,False,250.0,5100.0
https://www.28hse.com/rent/residential/property-1625679,傲雲峰,low,2208.0,6.0,2.0,1.0,False,17.0,22.0,True,True,False,False,False,False,False,False,False,True,False,False,520.0,17500.0
https://www.28hse.com/rent/residential/property-1535071,港圖灣,unknown,175.0,1.0,3.0,1.0,False,8.0,18.0,False,False,False,False,False,False,True,False,False,False,False,False,874.0,29000.0
https://www.28hse.com/rent/residential/property-1403046,海潤大廈,unknown,300.0,1.0,0.0,1.0,False,17.0,15.0,False,False,False,False,False,False,False,False,False,False,False,False,442.0,13800.0
https://www.28hse.com/rent/residential/property-1619688,美景樓,mid,300.0,1.0,2.0,1.0,False,17.0,25.0,False,False,False,False,False,False,False,False,False,False,False,False,365.0,11300.0
https://www.28hse.com/rent/residential/property-1628374,唐樓,high,300.0,1.0,1.0,1.0,False,17.0,20.0,True,True,False,True,True,True,False,False,False,False,False,False,180.0,5800.0
https://www.28hse.com/rent/residential/property-1624759,傲雲峰,high,2208.0,6.0,2.0,1.0,False,17.0,22.0,True,True,False,True,True,True,False,False,False,False,False,False,508.0,17800.0
https://www.28hse.com/rent/residential/property-1624740,欣榮花園,high,900.0,7.0,3.0,2.0,False,23.0,22.0,True,True,False,True,True,True,False,False,False,False,False,False,781.0,23800.0
https://www.28hse.com/rent/residential/property-1631037,帝庭豪園,unknown,300.0,4.0,2.0,1.0,False,23.0,18.0,False,False,False,False,False,False,False,False,False,False,False,False,469.0,19000.0
https://www.28hse.com/rent/residential/property-1619953,都會151,high,365.0,1.0,1.0,1.0,False,57.0,25.0,False,False,False,False,False,False,False,False,False,False,False,False,436.0,15800.0
https://www.28hse.com/rent/residential/property-1619921,土瓜灣大廈,unknown,189.0,1.0,2.0,1.0,False,55.0,25.0,False,False,False,False,False,False,False,False,False,False,False,False,295.0,11500.0
https://www.28hse.com/rent/residential/property-1630323,傲雲峰,unknown,2208.0,6.0,1.0,1.0,False,17.0,19.0,False,False,False,False,False,False,False,False,False,False,False,False,540.0,20000.0
https://www.28hse.com/rent/residential/property-1630257,傲雲峰,high,2208.0,6.0,2.0,1.0,False,17.0,19.0,False,False,False,False,False,False,False,False,False,False,False,False,452.0,17300.0
https://www.28hse.com/rent/residential/property-1630219,傲雲峰,high,2208.0,6.0,2.0,1.0,False,17.0,19.0,False,False,False,False,False,False,False,False,False,False,False,False,452.0,17500.0
https://www.28hse.com/rent/residential/property-1630094,傲雲峰,high,2208.0,6.0,2.0,1.0,False,17.0,19.0,False,False,False,False,False,False,False,False,False,False,False,False,452.0,17500.0
https://www.28hse.com/rent/residential/property-1629764,榮輝大廈,unknown,300.0,1.0,0.0,1.0,False,17.0,19.0,False,False,False,False,False,False,True,False,False,False,False,False,316.0,13000.0
https://www.28hse.com/rent/residential/property-1629377,安寧大廈,mid,62.0,1.0,2.0,1.0,False,40.0,19.0,False,False,False,False,False,False,True,False,False,False,False,False,260.0,10500.0
https://www.28hse.com/rent/residential/property-1621808,安寧大廈,unknown,62.0,1.0,2.0,1.0,False,40.0,24.0,False,False,False,False,True,True,False,True,False,False,True,False,249.0,10300.0
https://www.28hse.com/rent/residential/property-1628810,定安大廈,high,880.0,1.0,2.0,1.0,False,48.0,19.0,False,False,False,False,True,True,False,False,False,False,False,False,310.0,10800.0
https://www.28hse.com/rent/residential/property-1527156,順昌大廈,unknown,300.0,1.0,0.0,1.0,False,17.0,15.0,False,False,False,False,False,False,False,False,False,False,False,False,281.0,11600.0
https://www.28hse.com/rent/residential/property-1625930,康年閣,mid,36.0,1.0,1.0,1.0,False,26.0,22.0,True,True,False,False,True,True,True,False,False,False,False,False,302.0,11400.0
https://www.28hse.com/rent/residential/property-1619823,unknown,unknown,300.0,1.0,0.0,1.0,False,17.0,25.0,False,False,False,False,False,False,False,False,False,False,False,False,290.0,5500.0
https://www.28hse.com/rent/residential/property-1628001,單幢樓房,low,300.0,1.0,2.0,1.0,False,40.0,20.0,False,False,False,False,True,True,True,True,False,True,False,False,249.0,9800.0
https://www.28hse.com/rent/residential/property-1627752,瑧尚,high,294.0,1.0,1.0,1.0,False,0.0,20.0,True,False,True,True,True,True,False,False,False,True,False,False,300.0,16500.0
https://www.28hse.com/rent/residential/property-1610621,傲雲峰,unknown,300.0,1.0,0.0,1.0,False,17.0,15.0,False,False,False,False,False,False,False,False,False,False,False,False,904.0,36000.0
https://www.28hse.com/rent/residential/property-1623779,津匯,unknown,175.0,1.0,0.0,1.0,True,17.0,23.0,True,False,True,True,False,False,True,False,False,False,False,False,267.0,12500.0
https://www.28hse.com/rent/residential/property-1624714,翔龍灣,mid,782.0,5.0,2.0,1.0,False,14.0,22.0,True,True,False,True,True,True,False,True,True,True,True,True,372.0,15000.0
https://www.28hse.com/rent/residential/property-1627087,海悅豪庭,unknown,178.0,2.0,2.0,1.0,False,23.0,21.0,True,True,False,True,True,True,False,False,False,False,False,False,417.0,16500.0
https://www.28hse.com/rent/residential/property-1530764,迎豐,high,300.0,1.0,1.0,1.0,False,4.0,21.0,False,False,False,False,False,False,True,False,False,False,False,False,257.0,12000.0
https://www.28hse.com/rent/residential/property-1626549,偉恆昌新村,unknown,2730.0,30.0,2.0,1.0,False,43.0,21.0,False,False,False,False,False,False,False,False,False,False,False,False,336.0,12500.0
https://www.28hse.com/rent/residential/property-1626030,單幢樓房,high,300.0,1.0,2.0,1.0,False,17.0,22.0,False,False,False,False,True,False,False,False,False,False,False,False,250.0,6500.0
https://www.28hse.com/rent/residential/property-1618448,榮輝大廈,high,204.0,2.0,2.0,1.0,False,27.0,26.0,True,True,False,True,False,False,False,False,False,False,False,False,316.0,13000.0
https://www.28hse.com/rent/residential/property-1624229,農圃道18號,high,320.0,1.0,3.0,2.0,False,17.0,23.0,True,False,True,False,True,True,True,True,True,False,True,False,696.0,29800.0
https://www.28hse.com/rent/residential/property-1625833,安和園,mid,300.0,1.0,0.0,1.0,True,47.0,22.0,False,False,False,False,False,False,False,False,False,False,False,False,248.0,8700.0
https://www.28hse.com/rent/residential/property-1625781,偉恆昌新村,high,2730.0,30.0,1.0,1.0,False,43.0,22.0,False,False,False,False,False,False,False,False,False,True,False,False,336.0,12500.0
https://www.28hse.com/rent/residential/property-1625734,瑧尚,low,294.0,1.0,2.0,1.0,False,0.0,22.0,False,False,False,False,True,True,False,False,False,False,False,False,386.0,19000.0
https://www.28hse.com/rent/residential/property-1625612,翔龍灣,unknown,782.0,5.0,2.0,1.0,False,13.0,22.0,False,False,False,False,False,False,False,False,False,False,False,False,427.0,16500.0
https://www.28hse.com/rent/residential/property-1615676,安寧大廈,unknown,62.0,1.0,2.0,1.0,False,40.0,28.0,False,False,False,False,False,False,False,True,False,False,True,False,249.0,9800.0
https://www.28hse.com/rent/residential/property-1619983,海悅豪庭,high,178.0,2.0,2.0,1.0,False,23.0,25.0,True,True,False,True,True,True,False,True,True,False,True,False,460.0,18000.0
https://www.28hse.com/rent/residential/property-1625483,海悅豪庭,mid,178.0,2.0,2.0,1.0,False,23.0,22.0,True,True,False,False,False,False,False,False,False,False,False,False,466.0,17500.0
https://www.28hse.com/rent/residential/property-1585148,unknown,unknown,300.0,1.0,1.0,1.0,False,29.0,22.0,False,False,False,False,False,False,False,False,False,False,False,False,230.0,9800.0
https://www.28hse.com/rent/residential/property-1476188,匯川大廈,unknown,300.0,1.0,2.0,1.0,False,41.0,22.0,False,False,False,False,False,False,True,False,False,False,False,False,258.0,11000.0
https://www.28hse.com/rent/residential/property-1616858,單幢樓房,unknown,300.0,1.0,3.0,2.0,False,17.0,27.0,False,False,False,False,False,False,True,True,False,False,True,False,754.0,14300.0
https://www.28hse.com/rent/residential/property-1624584,唐樓,mid,300.0,1.0,0.0,1.0,False,17.0,22.0,False,False,False,False,True,True,False,False,False,False,False,False,120.0,3500.0
https://www.28hse.com/rent/residential/property-1624528,單幢樓房,mid,300.0,1.0,2.0,1.0,False,48.0,22.0,True,False,False,True,True,True,True,False,False,False,False,False,321.0,10000.0
https://www.28hse.com/rent/residential/property-1624065,VIVA,mid,75.0,1.0,1.0,1.0,False,4.0,23.0,True,True,False,False,True,True,False,False,True,False,True,True,331.0,13800.0
https://www.28hse.com/rent/residential/property-1612616,迎豐,high,300.0,1.0,0.0,1.0,True,4.0,15.0,True,True,True,False,False,False,True,True,True,False,True,True,185.0,9500.0
https://www.28hse.com/rent/residential/property-1623909,翔龍灣,high,782.0,5.0,2.0,1.0,False,14.0,23.0,True,True,True,False,True,True,False,False,False,True,False,False,384.0,15000.0
https://www.28hse.com/rent/residential/property-1622797,unknown,high,300.0,1.0,0.0,1.0,True,17.0,23.0,False,False,False,False,False,False,False,False,False,False,False,False,140.0,6800.0
https://www.28hse.com/rent/residential/property-1560056,unknown,high,300.0,1.0,0.0,1.0,False,17.0,24.0,False,False,False,False,False,False,False,False,False,False,False,False,120.0,3400.0
https://www.28hse.com/rent/residential/property-1613097,津匯,mid,175.0,1.0,1.0,1.0,False,17.0,24.0,True,True,False,False,False,False,False,False,False,False,False,False,276.0,12500.0
https://www.28hse.com/rent/residential/property-1622404,偉恆昌新村,high,2730.0,30.0,2.0,1.0,False,43.0,24.0,False,False,False,False,True,True,False,False,False,False,False,False,372.0,12800.0
https://www.28hse.com/rent/residential/property-1620952,傲雲峰,high,2208.0,6.0,2.0,1.0,False,17.0,25.0,True,True,False,True,True,True,False,True,True,True,False,True,479.0,17500.0
https://www.28hse.com/rent/residential/property-1620931,傲雲峰,low,2208.0,6.0,2.0,1.0,False,17.0,25.0,False,False,False,False,False,False,False,False,False,False,False,False,517.0,18500.0
https://www.28hse.com/rent/residential/property-1608692,單幢樓房,unknown,300.0,1.0,0.0,1.0,False,17.0,15.0,False,False,False,False,False,False,False,False,False,False,False,False,479.0,17900.0
https://www.28hse.com/rent/residential/property-1619896,唐樓,mid,300.0,1.0,0.0,1.0,False,17.0,25.0,False,False,False,False,False,False,False,False,False,False,False,False,130.0,3100.0
https://www.28hse.com/rent/residential/property-1614438,寶光大廈,mid,162.0,1.0,2.0,1.0,False,55.0,29.0,True,True,False,False,True,True,True,False,False,False,False,False,382.0,9600.0
https://www.28hse.com/rent/residential/property-1617372,傲雲峰,high,2208.0,6.0,2.0,1.0,False,17.0,26.0,False,False,False,False,False,False,False,False,False,False,False,False,452.0,17800.0
https://www.28hse.com/rent/residential/property-1604258,傲雲峰,mid,2208.0,6.0,2.0,1.0,False,17.0,26.0,False,False,False,False,False,False,False,False,False,False,False,False,539.0,19500.0
https://www.28hse.com/rent/residential/property-1617166,美景樓,high,300.0,1.0,2.0,1.0,False,17.0,27.0,False,False,False,False,False,False,False,False,False,False,False,False,357.0,9800.0
https://www.28hse.com/rent/residential/property-1612081,港圖灣,mid,175.0,1.0,3.0,2.0,False,17.0,15.0,True,True,True,False,True,True,True,False,False,True,False,False,900.0,38000.0
https://www.28hse.com/rent/residential/property-1614321,翔龍灣,unknown,782.0,5.0,1.0,1.0,False,14.0,27.0,False,False,False,False,False,False,False,False,False,False,False,False,384.0,15000.0
https://www.28hse.com/rent/residential/property-1614368,津匯,mid,175.0,1.0,0.0,1.0,True,17.0,27.0,False,False,False,False,False,False,False,False,False,False,False,False,276.0,12300.0
https://www.28hse.com/rent/residential/property-1616777,唐樓,high,300.0,1.0,2.0,1.0,False,17.0,27.0,True,True,False,True,False,False,False,False,False,False,False,False,160.0,5900.0
https://www.28hse.com/rent/residential/property-1608911,unknown,unknown,300.0,1.0,0.0,1.0,False,17.0,15.0,False,False,False,False,False,False,False,False,False,False,False,False,318.0,11500.0
https://www.28hse.com/rent/residential/property-1615682,晨曦樓,high,22.0,1.0,1.0,1.0,False,44.0,28.0,True,True,False,False,False,False,False,False,False,False,False,False,250.0,7000.0
https://www.28hse.com/rent/residential/property-1562289,金龍樓,unknown,42.0,1.0,2.0,1.0,False,46.0,29.0,False,False,False,False,False,False,True,False,False,False,False,False,374.0,13000.0
https://www.28hse.com/rent/residential/property-1612630,傲雲峰,high,2208.0,6.0,2.0,1.0,False,17.0,15.0,True,True,False,True,False,False,False,False,False,False,False,False,478.0,18500.0
https://www.28hse.com/rent/residential/property-1608535,翔龍灣,unknown,300.0,1.0,0.0,1.0,False,17.0,15.0,False,False,False,False,False,False,False,False,False,False,False,False,372.0,15000.0
https://www.28hse.com/rent/residential/property-1609836,翔龍灣,unknown,300.0,1.0,0.0,1.0,False,17.0,15.0,False,False,False,False,False,False,False,False,False,False,False,False,901.0,35000.0
https://www.28hse.com/rent/residential/property-1609906,津匯,unknown,300.0,1.0,0.0,1.0,False,17.0,15.0,False,False,False,False,False,False,False,False,False,False,False,False,267.0,13000.0
https://www.28hse.com/rent/residential/property-1609564,翔龍灣,unknown,300.0,1.0,0.0,1.0,False,17.0,15.0,False,False,False,False,False,False,False,False,False,False,False,False,588.0,22000.0
https://www.28hse.com/rent/residential/property-1542530,單幢樓房,unknown,300.0,1.0,0.0,1.0,False,17.0,15.0,False,False,False,False,False,False,False,False,False,False,False,False,292.0,13600.0
